{
  "_ColorX": 0.983333349,
  "_ColorY": 0.5482084,
  "_ColorZ": 0.0163888726,
  "_ColorA": 0.1904762,
  "Type": "CIndicatorLight",
  "Name": "Neon Light - Orange"
}