{
  "_ColorX": 0.9916667,
  "_ColorY": 0.9916667,
  "_ColorZ": 0.9916667,
  "_ColorA": 0.119047619,
  "Type": "CIndicatorLight",
  "Name": "Neon Light - White"
}